Total mana,TAG,Tag name,ADM/DIP/MIL,Age,Personalities,Name,Dynasty
5,A01,Lorent,1/3/1,34,['benevolent_personality'],KylianVI,Siloriel
11,A02,Deranne,2/4/5,20,['cruel_personality'],AdénnIII,sílDeranne
13,A03,Redglades,6/6/1,245,"['immortal_personality', 'calm_personality', 'careful_personality']",Elthariel,Gladeguard
3,A04,Wesdam,1/1/1,N/A,[],RegencyforLaurensSilmuna,N/A
8,A05,Reveria,4/2/2,54,[],LothaneIII,sílRever
15,A06,Nimscodd,4/5/6,240,"['immortal_personality', 'tactical_genius_personality']",Mordibam,Quintain
5,A07,North Viswall,1/3/1,44,[],Darian,Longfellow
5,A08,South Viswall,3/1/1,44,[],ArnoltheFat,N/A
12,A09,Sorncost,5/5/2,70,"['midas_touched_personality', 'obsessive_perfectionist_personality']",PetranIII,sílSorncóst
12,A10,Minaran Temple,4/4/4,18,[],AlessaofRoilsard,N/A
11,A11,Pearlsedge,5/4/2,21,[],CaylenV,sílnaTrísfer
12,A12,Beepeck,6/5/1,57,"['embezzler_personality', 'scholar_personality', 'entrepreneur_personality']",DevantheOldBee,N/A
5,A13,Gawed,1/2/2,17,['drunkard_personality'],WelyamIII,Gerwick
13,A15,Eilisin,4/6/3,13,[],ReánnaII,sílEilísin
6,A16,Wineport,2/2/2,34,[],ÉnritheTaster,N/A
10,A17,Great Ording,2/2/6,46,[],CrestonIV,ofOrding
13,A18,Rubenaire,4/3/6,20,['charismatic_negotiator_personality'],RiónV,sílRubenaire
9,A19,Portnamm,2/3/4,212,"['immortal_personality', 'embezzler_personality']",PordoltSomberwazey,N/A
10,A20,Rubyhold,3/3/4,92,['immortal_personality'],Gronmar,Redstone
7,A21,Venail,1/5/1,300,"['immortal_personality', 'navigator_personality', 'expansionist_personality']",AldarianI,Seawatcher
6,A22,Neckcliffe,4/0/2,45,[],RogercX,Cliffman
9,A23,Vertesk,3/3/3,47,['mage_personality'],ArnosTordan,N/A
8,A24,Westmoors,2/2/4,54,[],DevanIII,Cottersea
10,A25,Damescrown,6/2/2,83,[],AldrestheGold,N/A
15,A26,Redscale Clan,5/5/5,24,"['strict_personality', 'cruel_personality']",Levaz,Sozax
10,A27,Bluescale Clan,3/3/4,19,['tactical_genius_personality'],Tayekar,Crozamor
9,A28,Greenscale Clan,3/4/2,44,"['navigator_personality', 'scholar_personality']",Dervaszix,Korlak
5,A29,Busilar,2/3/0,78,[],MarcanI,Silnara
11,A30,Wex,2/3/6,43,"['conqueror_personality', 'mage_personality']",LothaneIII,sílWex
11,A31,Moonhaven,6/1/4,241,['immortal_personality'],Varion'theYoung'#ThisisthegrandsonofVarilorBluetongue,Bluetongue
6,A32,Ibevar,3/3/0,339,"['immortal_personality', 'craven_personality', 'careful_personality']",IbenionII,ta'Lunateín
16,A33,Verne,6/5/5,33,[],AlvarIV,sílVerne
5,A34,Bisan,0/3/2,39,[],HaroldV,ofBisan
3,A35,Konwell,3/0/0,38,[],HenricII,Konwell
5,A36,Derwing,2/3/0,13,[],LainII,Derwing
7,A37,Terr,2/4/1,N/A,[],RegencyforPetranVsílTerr,N/A
6,A38,Anbenncost,2/2/2,N/A,[],CityCouncil,N/A
12,A39,Bennon,2/4/6,33,[],AldresIII,sílBennon
12,A40,Exwes,2/4/6,63,[],GodricII,Silcalas
4,A41,Damish Temple,3/0/1,64,[],CalassínaArb,N/A
10,A42,Silvelar,4/6/0,28,"['calm_personality', 'silver_tongue_personality']",Varil,sílObaithuan
4,A43,Ryalan Temple,3/0/1,89,[],AdalaofEstallen,N/A
9,A44,Esmaraine,3/6/0,46,"['intricate_web_weaver_personality', 'drunkard_personality']",Nara,Seinpírártharn
7,A45,Istralore,1/1/5,21,[],AucannaI,Silistra
9,A46,Arbaran,4/2/3,44,[],RicardI,Silcalas
12,A47,Eborthil,4/4/4,46,"['silver_tongue_personality', 'inspiring_leader_personality']",DelianII,Silebor
12,A48,Sugamber,3/4/5,50,"['conqueror_personality', 'infertile_personality']",EwaldII,sílRhinmond
12,A49,Hill Gnolls,2/5/5,29,['fierce_negotiator_personality'],Xanzerbexis,Queen-of-the-Hill
6,A53,Aramari Temple,6/0/0,68,[],MariontheTransmuter,N/A
5,A54,Crothan,3/1/1,52,['naive_personality'],Alain,sílMiosádh
9,A55,Menibor,3/3/3,57,"['babbling_buffoon_personality', 'craven_personality']",Rogier,ofOldtower
8,A56,Celliande,3/4/1,29,[],AlainII,sílAntirhalan
11,A57,Toarnen,4/5/2,119,[],Valeran,"sílArannen#Arannen-Toarnenbranch,extinct"
8,A57,Toarnen,2/2/4,119,[],Alann,sílnaLoop#FromLoopuisinRoilsard
8,A57,Toarnen,4/3/1,117,[],Reán,sílnaLoop
5,A57,Toarnen,1/1/3,102,[],Varil,sílnaLoop
8,A57,Toarnen,2/1/5,81,[],Emil,sílnaLoop
7,A57,Toarnen,3/1/3,34,['obsessive_perfectionist_personality'],Adélaïde,sílnaLoop
8,A59,Corvuria,2/2/4,43,[],DavanII,sílVivin
8,A60,Asheniande,2/2/4,17,[],ValeranIII,sílVivin
3,A61,Bluehart,0/3/0,23,"['drunkard_personality', 'cruel_personality']",Trian,sílPíraire
11,A62,Telgeir,4/4/3,42,[],ArtusII,ofVanbury
9,A64,Appleton,3/3/3,23,[],ConradV,Appleseed
8,A65,Pearview,2/4/2,21,[],RodericII,Peartree
11,A72,Arannen,4/4/3,27,[],AustynIV,sílArannen
8,A73,Silverforge,4/2/2,65,['immortal_personality'],FoldanIII,Silverhammer
10,A74,Nathalaire,4/0/6,30,"['craven_personality', 'cruel_personality']",AdelinesílnaPírCeirese,N/A
3,A75,Gisden,0/2/1,11,[],BenarV,ofGisden
12,A76,Uelaire,2/4/6,43,[],CasténIII,sílUelaire
5,A77,Orda Aldresia,3/1/1,66,[],Delian,sílArannen
13,A81,Giberd,5/5/3,91,"['immortal_personality', 'scholar_personality', 'industrious_personality']",Delda,Glibgear
12,A82,Napesbay,6/4/2,41,"['incorruptible_personality', 'lawgiver_personality']",Vincenio,sílCúnaicaire
6,A83,Silent Repose,3/3/0,119,[],Orsander,ta'Nadostóiar
6,A84,Galeinn,3/1/2,32,[],AdrienIV,sílGaléinn
11,A85,Magisterium,2/4/5,58,['mage_personality'],Crovan,ofVinerick
18,A86,Tellum,6/6/6,39,"['intricate_web_weaver_personality', 'embezzler_personality']",Teagan,sílnaTíl
2,A88,Woodwell,1/0/1,54,[],HumbertIV,Woodwell
5,A89,Aranmas,1/3/1,54,[],AndrelV,sílAranmas
6,A90,Seinathil,0/3/3,21,[],DaranI,Silistra
6,A91,Deamoine,1/5/0,23,[],VincenII,sílDeamóine
8,A92,Leslinpar,4/3/1,34,[],BrandonIII,sílLeslinpár
9,A93,Estallen,3/3/3,31,['mage_personality'],LucianIV,sílEstallen
9,A94,Gabmorionn,3/5/1,54,['mage_personality'],IsobelI,sílGabmórionn
8,A95,Themarenn,4/2/2,15,[],VernellIII,sílThemarenn
13,A98,Cestirande,3/4/6,41,[],VincenII,sílCestir
5,A99,Varaine,1/1/3,23,[],TomásI,sílVarainé
11,B02,Corintar,3/2/6,19,['inspiring_leader_personality'],Lothane'Bluetusk',Silmuna
8,B03,Cobalt Company,2/1/5,57,['martial_educator_personality'],Gunther,ofMossford
11,B04,Order of the Ashen Rose,3/3/5,34,['just_personality'],Maugunia,ofOrding
12,B05,Pioneers Guild,3/6/3,254,"['immortal_personality', 'obsessive_perfectionist_personality', 'well_connected_personality']",Pondo,Fussbolt
10,B06,Warriors of Ancard,4/1/5,45,"['bold_fighter_personality', 'naive_personality']",Erela,Woodwell
9,B07,Sons of Dameria,3/1/5,38,"['infertile_personality', 'inspiring_leader_personality']",Rogier,Silmuna
6,B08,Gallant Friends,2/3/1,46,"['babbling_buffoon_personality', 'well_advised_personality']",Maurise,sílVarmas
12,B09,House of Riches,6/4/2,39,"['midas_touched_personality', 'embezzler_personality']",ReánsílnaArasùil,N/A
10,B10,Small Fellows,2/3/5,71,"['kind_hearted_personality', 'inspiring_leader_personality', 'obsessive_perfectionist_personality']",Dustin,Smallknight
10,B11,Company of the Thorn,2/2/6,27,"['immortal_personality', 'cruel_personality']",Lucian,sílnaToars
10,B12,Brave Brothers,4/2/4,33,['inspiring_leader_personality'],Cicera,sílTreunnaire
9,B13,Stalwart Band,4/0/5,44,"['strict_personality', 'drunkard_personality']",Urion,Davmor
13,B14,Raven Banner,2/6/5,38,"['obsessive_perfectionist_personality', 'fierce_negotiator_personality']",Jergan,ofCorveld
13,B15,New Wanderers,3/6/4,38,"['well_advised_personality', 'charismatic_negotiator_personality', 'mage_personality']",Entef,ofWibnuat
10,B16,Anbenncost Expedition,5/3/2,38,"['scholar_personality', 'careful_personality']",Aril,Silgarion
12,B17,Asra Expedition,4/3/5,154,['immortal_personality'],Jarmun,Asra
9,B18,Iron Hammers,5/1/3,81,"['immortal_personality', 'architectural_visionary_personality', 'zealot_personality']",Kraig,Balgarsblood
12,B19,Sword Covenant,6/2/4,64,"['mage_personality', 'kind_hearted_personality']",Galinda,sílnaEán
6,B20,Order of the Iron Sceptre,2/1/3,39,"['cruel_personality', 'mage_personality']",Aldred,sílTcháveren
10,B21,Heartgrinder Clan,3/3/4,58,"['tolerant_personality', 'scholar_personality', 'sinner_personality']",Ghurâd,Heartgrinder
8,B22,Venomtooth Clan,1/2/5,43,['tactical_genius_personality'],Aâdga,Venomtooth
4,B23,Rotcleaver Clan,0/1/3,34,"['embezzler_personality', 'fierce_negotiator_personality']",Ugol,Rotcleaver
14,B24,Clouded Eye Clan,6/6/2,76,"['lawgiver_personality', 'silver_tongue_personality', 'zealot_personality']",Grama,CloudedEye
13,B25,Bladebreaker Clan,4/3/6,43,"['bold_fighter_personality', 'inspiring_leader_personality', 'malevolent_personality']",Varok,Bladebreaker
11,B26,Severed Ear Clan,5/4/2,19,"['secretive_personality', 'intricate_web_weaver_personality']",Garm,SeveredEar
3,B27,Bonecarver Clan,0/1/2,30,['craven_personality'],Azukor,Bonecarver
0,B28,Dogeater Clan,0/0/0,24,"['infertile_personality', 'babbling_buffoon_personality', 'drunkard_personality']",Dûsh,Dogeater
10,B29,Deadfang Clan,5/2/3,45,['midas_touched_personality'],Brog,Deadfang
6,B30,Bloodgorger Clan,0/0/6,39,"['bold_fighter_personality', 'cruel_personality']",Zog,Bloodgorger
3,B36,Marrhold,2/0/1,69,['craven_personality'],Gryf'theOld',Marr
7,B41,Earworm Tribe,4/1/2,30,"['cruel_personality', 'craven_personality']",Pagfil,Earworm
9,B42,Groundhawk Tribe,3/3/3,31,"['industrious_personality', 'midas_touched_personality']",Jergel,Groundhawk
9,B43,Flying Hound Tribe,1/5/3,35,"['expansionist_personality', 'naive_personality']",Elgek,FlyingHound
8,B44,Flung Head Tribe,1/2/5,23,"['mage_personality', 'cruel_personality']",Gloxee,FlungHead
14,B45,Headwearer Tribe,2/6/6,43,"['craven_personality', 'lawgiver_personality']",Aminkle,Headwearer
11,B46,Grasshopper Muncher Tribe,4/3/4,11,"['drunkard_personality', 'conqueror_personality']",Gramzik,GrasshopperMuncher
11,B55,Counts League,2/4/5,53,['strict_personality'],Carleon,Blacktower
10,F21,Birsartanses,3/4/3,53,"['immortal_personality', 'lawgiver_personality']",KeladoraI,Birzartanzuir
14,F22,Dartaxagerdim,3/6/5,43,['silver_tongue_personality'],Dartaxes,szel-Forramaz
6,F24,Brasan,2/2/2,N/A,[],CityCouncil,N/A
14,F25,Sareyand,4/5/5,426,[],EledasII,Sarelzuir
11,F25,Sareyand,6/5/0,192,"['immortal_personality', 'craven_personality', 'scholar_personality']",EledasIII,Sarelzuir
9,F26,Gelkalis,3/4/2,56,[],UmanI,szel-Gelkalis
10,F27,Harpylen,3/2/5,51,"['drunkard_personality', 'mage_personality']",IshtaraI,Firanyakin
9,F28,Tluukt,4/1/4,53,"['intricate_web_weaver_personality', 'cruel_personality', 'mage_personality']",Tluukt,Cleaver-of-Realms
9,F29,Zokka,1/3/5,43,"['bold_fighter_personality', 'mage_personality']",Zokka,Devourer-of-Suns
4,F30,Kumarkand,2/1/1,39,[],TemenosII,szel-Kumarkand
10,F31,Eduz-Vacyn,5/2/3,56,"['kind_hearted_personality', 'careful_personality', 'obsessive_perfectionist_personality']",Zaidszel-Vacyn,N/A
4,F32,Drolakand,2/1/1,24,[],ArahaI,szel-Drolakand
5,F33,Akalses,1/3/1,60,[],SerimII,szel-Akalšes
8,F34,Azka-Evran,2/1/5,103,"['strict_personality', 'immortal_personality']",DeggarionI,Evranzuir
9,F35,Azkabar,4/2/3,28,"['secretive_personality', 'sinner_personality']",IskratesIV,szel-Attalu
11,F36,Harklum,3/2/6,27,"['strict_personality', 'calm_personality']",ArashkIV,szel-Harklum
9,F37,Irrliam,2/5/2,380,"['immortal_personality', 'charismatic_negotiator_personality', 'righteous_personality']",TaelariosI,Irrliazuir
10,F39,Bulwar,5/3/2,46,"['righteous_personality', 'scholar_personality', 'obsessive_perfectionist_personality']",Mardin,Bilul-Yulun
8,F40,Anzabad,0/5/3,43,"['embezzler_personality', 'navigator_personality']",UdishI,szal-Aban
8,F41,Zanbar,3/4/1,23,['silver_tongue_personality'],RajinrarI,szal-Zanbar
7,F42,Varamhar,2/1/4,234,"['immortal_personality', 'mage_personality']",KarodirI,Varamzuir
6,F43,Zansap,2/4/0,N/A,[],RegencyforJareerszal-Barseen,N/A
10,F44,Kalib,2/4/4,72,['inspiring_leader_personality'],QamaraI,szel-Azanerdu
14,F46,Jaddari,3/6/5,283,"['immortal_personality', 'zealot_personality', 'conqueror_personality']",Jaddar,Jexiszuir
11,F47,Verkal Gulan,4/1/6,52,"['immortal_personality', 'strict_personality', 'cruel_personality']",Urothr,oftheGate
9,F48,Siadan,4/0/5,52,"['loose_lips_personality', 'bold_fighter_personality']",Astarta,Siadan
12,F49,Elayenna,4/6/2,41,['charismatic_negotiator_personality'],Jasiene,Elayenna
10,F50,Mulen,2/3/5,43,"['greedy_personality', 'mage_personality']",Kirisha,Mulen
9,F54,Koggraffa,3/5/1,30,[],Khazet,Gifter-of-Chains
8,F55,Kogzalla,1/3/4,30,[],Zykari,Gifter-of-Chains
9,F56,Dasmatus,5/3/1,44,"['just_personality', 'infertile_personality']",Idras,szal-Maqet
13,F60,Samsumbat,4/6/3,29,['charismatic_negotiator_personality'],Maracout,N/A
12,F61,Muhaqaar,3/5/4,31,['mage_personality'],Menes,N/A
11,F62,Duwarkani,6/3/2,55,[],Djehuty,Menkaunswid
13,F63,Aramoole,3/4/6,38,['mage_personality'],Tuharqmun,N/A
5,F65,Arbaxaz,0/2/3,20,[],Arbaxaz,Ravager-of-Cities
9,F69,Irkorzik,2/4/3,20,[],Irkorzik,Stalker-of-the-Sands
8,F71,Rakkaz,4/1/3,23,"['bold_fighter_personality', 'malevolent_personality']",RakkazII,Slayer-of-Slayers
11,F72,Haraagtseda,4/2/5,23,"['inspiring_leader_personality', 'industrious_personality', 'reformist_personality']",Rozherg,Hammer-of-Kvanga
11,G01,Boek,4/5/2,44,['silver_tongue_personality'],Kalin'do,Saiyiks
9,G04,Yanek,2/2/5,24,[],Kalin'do,Toshdak
8,G06,Cheshoshoanta,1/1/6,41,"['babbling_buffoon_personality', 'strict_personality']",Err'ir,Nitikskiks
9,G21,Pomvasonn,2/5/2,53,['benevolent_personality'],ShiranI,yenVasonn
7,G22,Svemel,2/5/0,53,[],GalmonizPomvasonn,N/A
7,G23,Juzondezan,0/2/5,41,"['midas_touched_personality', 'strict_personality']",GardevojII,Vodynn
11,G24,Gomosengha,5/5/1,55,"['calm_personality', 'strict_personality', 'scholar_personality']",Queen-RegentImariel,Drozmanag
1,G25,Stantirshalas,1/0/0,66,[],RolatanI,yenStantir
8,G26,Amacimst,1/6/1,54,"['calm_personality', 'kind_hearted_personality']",GelendirnII'theUnready',Sivasred
6,G27,Brelar,4/2/0,51,['lawgiver_personality'],Kravendil,Saskjaro
11,G28,Grebniesth,3/5/3,19,['zealot_personality'],MerijaI,yenGreb
6,G29,Drevkenuc,2/4/0,19,"['mage_personality', 'benevolent_personality']",SariaI,yenDrev
11,G30,Mocvare,5/1/5,41,"['industrious_personality', 'cruel_personality', 'strict_personality']",PjodornII'theGood',yenCeped
13,G31,Vareynn,4/4/5,20,[],KirjonII,Rogavit
13,G32,Malacnar,3/5/5,41,['charismatic_negotiator_personality'],Alvarad'Zabrmon'#meansDarkmoon,yenGala
9,G33,Bosancovac,3/3/3,42,['babbling_buffoon_personality'],Morcu,yenGabhac
11,G34,Arganjuzorn,3/2/6,33,[],PavloqirII,Uma-Zomaj
1,G35,Arverynn,0/1/0,72,"['righteous_personality', 'drunkard_personality', 'malevolent_personality']",CalrodiyIV,Vyrekynn
7,G36,Trompolere,2/1/4,17,"['conqueror_personality', 'bold_fighter_personality', 'fierce_negotiator_personality']",AlaranI,yenCestor
8,G37,Fadhevych,3/3/2,58,[],DevynnI,Hradavych
11,G38,Vels Fadhecai,5/3/3,26,[],CeladilI,Konyrzab
10,G39,Adbrabohvi,4/5/1,60,[],Seronval,Belyr
7,G40,Tehanek,4/2/1,49,[],Mith'le,Emitahpahksaiyiks
8,G41,Jayek,3/4/1,55,[],Seron'ar,Siljay#Oftheexiles(thisneedsarealtranslation)
11,G42,Inek,4/1/6,45,[],Ele'il,Inuksiks
10,G43,Haraf,5/1/4,24,['lawgiver_personality'],Da'kino,Alas'gasidi
8,G46,Degakheion,3/0/5,43,"['strict_personality', 'martial_educator_personality', 'malevolent_personality']",Eboris,Rhadinos
12,G47,Oktikheion,2/6/4,41,"['charismatic_negotiator_personality', 'secretive_personality', 'careful_personality']",Kelodus,Ekes
8,G48,Kherka,4/1/3,61,"['industrious_personality', 'well_advised_personality', 'babbling_buffoon_personality']",Vyranos,Jahekles
11,G49,Lokemeion,5/2/4,42,"['scholar_personality', 'tactical_genius_personality', 'drunkard_personality']",Urionis,Argyros
9,G50,Ormam,3/4/2,36,"['entrepreneur_personality', 'embezzler_personality']",Airen,Valanne
11,G51,Arpedifer,6/4/1,56,"['mage_personality', 'calm_personality', 'benevolent_personality']",Zaleria‘TheProtector’,Rhangabe
12,G52,Ameion,3/4/5,45,"['lawgiver_personality', 'inspiring_leader_personality', 'conqueror_personality']",Laskaris'theConqueror',N/A
9,G53,Empkeios,4/4/1,33,"['craven_personality', 'charismatic_negotiator_personality']",Thirendisus,Jesimia
8,G54,Besolaki,5/1/2,36,"['incorruptible_personality', 'naive_personality']",Leliatha,Elentios
10,G55,Eneion,3/4/3,42,"['architectural_visionary_personality', 'expansionist_personality']",NesterusMouzalon,N/A
10,G56,Deyeion,2/3/5,37,"['inspiring_leader_personality', 'bold_fighter_personality']",Elrianes,Politarus
10,G57,Apikhoxi,6/3/1,53,"['just_personality', 'righteous_personality', 'scholar_personality']",Vakeres,Hasogos
9,G58,Keyolion,3/3/3,31,"['kind_hearted_personality', 'silver_tongue_personality']",Selussa,Delos
12,G59,Anisikheion,4/6/2,30,"['navigator_personality', 'midas_touched_personality']",OttolasKardanos,N/A
12,G62,Amgremos,3/6/3,52,"['fierce_negotiator_personality', 'obsessive_perfectionist_personality']",Ivranes,Kantakuzenos
18,G64,Larankar,6/6/6,93,"['conqueror_personality', 'strict_personality', 'malevolent_personality']",ErankartheUnifier,Kaonrippavar
5,G71,Orenkoraim,2/2/1,55,['craven_personality'],AldatamIV,Nayak
9,G74,Gophira,3/1/5,23,['bold_fighter_personality'],HarriharaX,Sangamar
8,G82,Nagar Vyechei,2/5/1,55,"['mage_personality', 'entrepreneur_personality']",Jahlonand,Gelmarathi
11,G84,Vels Bacar,1/5/5,23,"['just_personality', 'bold_fighter_personality']",ArtorayI,yenBacar
11,G85,Thromshana,4/3/4,48,"['careful_personality', 'craven_personality']",Liroy,Arkansyn
10,H01,Arakeprun,2/4/4,41,"['mage_personality', 'careful_personality']",Filnar,Dawnfire
10,H02,Murdkather,3/4/3,34,"['mage_personality', 'entrepreneur_personality']",Elthor,Longdream
13,H03,Dearktir,5/3/5,35,['bold_fighter_personality'],Gelehorn,Strongarm
10,H04,Elchos,3/5/2,31,['charismatic_negotiator_personality'],Manaron,Goldtree
10,H05,Kairncal,3/5/2,24,['navigator_personality'],Urion,Bluecrest
10,H06,Sidpar,3/2/5,31,['charismatic_negotiator_personality'],Taelarian,Swiftsword
10,H07,Bagcatir,3/4/3,28,['careful_personality'],Triandil,Nighteye
12,H08,Pelomar,2/4/6,24,['inspiring_leader_personality'],PelodanX,Oathsworn
11,H09,Iadth,4/3/4,35,['midas_touched_personality'],SharindelII,Lightkeeper
11,H10,Einnsag,5/4/2,26,"['mage_personality', 'industrious_personality']",Galinaldor,Oceansong
9,H11,Sglard,4/2/3,41,['industrious_personality'],JexassaII,Copperheart
12,H12,Raithtall,4/3/5,55,[],UrianII,Oakgardner
9,H12,Raithtall,4/1/4,29,['bold_fighter_personality'],DharastorIII,Oakgardner
10,H13,Jhorgashirr,3/3/4,24,"['mage_personality', 'bold_fighter_personality']",Jhorgas,Frostguard
10,H14,Eighard,3/2/5,34,['strict_personality'],Danaran,Autumnswrath
10,H15,Slegcal,3/5/2,44,['secretive_personality'],EwandilV,Firstborn
12,H16,Gemradcurt,4/2/6,24,"['mage_personality', 'conqueror_personality', 'malevolent_personality']",Immarel,Winterswrath
8,H17,Reotcrab,4/1/3,31,['midas_touched_personality'],ArdoranII,Winterstrider
10,H18,Gelcolle,5/2/3,37,['incorruptible_personality'],SerrondalII,Whitehand
9,H19,Strutmar,2/2/5,27,['conqueror_personality'],DanaranI,Truearrow
11,H20,Trimgarb,2/6/3,30,['conqueror_personality'],SarndelIII,Whispershadow
9,H25,Stenurynn,3/3/3,34,[],CalranvalIII,yenStenur
6,H26,Vels Domfan,2/1/3,44,[],Raymun,yenDomfan
11,H68,Ruby Company,4/3/4,92,"['immortal_personality', 'zealot_personality']",Kûrgûm,Gemseeker
11,H69,Forgemaster Union,3/4/4,82,['immortal_personality'],Khuznoli,Hammerfall
13,H70,Company of Duran Blueshield,5/5/3,154,['immortal_personality'],Duran,Blueshield
11,H71,Blackbeard Cartel,3/2/6,49,"['immortal_personality', 'strict_personality']",Dwosgraeg,Blackbeard
9,H72,Shattered Crown,3/2/4,32,[],Ghonor,Bordu
12,H73,Skewered Drake,4/3/5,39,[],Gashak,Gorrath
11,H74,Chaingrasper,5/2/4,36,['mage_personality'],Dak,Chaingrasper
10,H75,Railskulker,2/4/4,32,['expansionist_personality'],Brack,Railskulker
14,H76,Arg-Ordstun,6/6/2,132,['immortal_personality'],ArdeginnXXII,Whiteforged
11,H77,Ovdal Lodhum,2/3/6,64,"['bold_fighter_personality', 'righteous_personality', 'expansionist_personality']",Gerin,Orcrend
13,H78,Seghdihr,6/1/6,162,['immortal_personality'],StorkhumlirXVIII,az-Segh
13,H79,Ovdal Kanzad,5/3/5,182,"['immortal_personality', 'drunkard_personality', 'bold_fighter_personality']",KragarunLXIII,Powderkeg
10,H80,Siegebreaker,3/1/6,44,"['inspiring_leader_personality', 'bold_fighter_personality', 'fertile_personality']",Gurukk,Siegebreaker
11,H81,Masked Butcher,3/3/5,42,[],Vrirrig,Beardbutcher
12,H82,Greedy Grin,5/4/3,52,['mage_personality'],Frailtooth,GreedyGrin
10,H83,Shadowdreamer,2/5/3,62,[],Zog,Shadowdreamer
11,H84,Mountainshark,1/4/6,22,['bold_fighter_personality'],Nopels,Mountainshark
12,H85,Truedagger,4/6/2,52,['malevolent_personality'],Peon'No-nose',Truedagger
11,H86,Wretched Skull,4/3/4,42,[],Rurnom,WretchedSkull
12,H87,Thieving Arrow,3/5/4,42,['industrious_personality'],Nuldes'Rut',ThievingArrow
9,H88,Ambersniffer,3/3/3,42,[],Mit,Mit
9,H89,Snotfinger,3/2/4,42,['inspiring_leader_personality'],Rurnor,Snotfinger
8,H90,Spiderwretch,4/2/2,42,[],Rnam,Mnar
10,H91,Roadwarrior,5/0/5,62,[],Skoth'Chiefcleaver',Roadwarrior
11,H92,Poisoned Rock,5/3/3,42,[],Zigidix,Boardscratcher
9,H93,Dirtwater,2/1/6,32,[],Yeet,Harmbringer
14,I02,Krakdhumvror,5/5/4,146,['immortal_personality'],Garlim,Frozenforge
11,I26,Salla Elyn,4/4/3,201,"['immortal_personality', 'scholar_personality', 'navigator_personality']",Cinrthir,Elyn
11,I27,Salla Myna,5/4/2,92,"['immortal_personality', 'righteous_personality', 'calm_personality']",Bricena,Myna
11,I28,Salla Drennen,2/6/3,34,"['immortal_personality', 'mage_personality', 'silver_tongue_personality']",Narawen,Drennen
11,I29,Salla Cenag,4/2/5,83,"['immortal_personality', 'bold_fighter_personality', 'inspiring_leader_personality']",Alara,Cenág
11,I30,Salla Fealgarn,4/1/6,142,"['immortal_personality', 'bold_fighter_personality', 'tactical_genius_personality']",Oberon,Fealgarn
8,I33,Salla Ayeth,1/1/6,165,"['immortal_personality', 'tactical_genius_personality', 'craven_personality']",Irvah,Ayeth
8,I35,Brambleskinner,2/4/2,23,"['secretive_personality', 'zealot_personality']",Diznutz,Brambleskinner
6,I36,Spiked Log,3/2/1,23,"['craven_personality', 'drunkard_personality']",Cleesb,SpikedLog
6,I37,Verminhusk,2/1/3,39,"['well_advised_personality', 'cruel_personality', 'strict_personality']",Carg,Verminhusk
8,I38,Beasteater,1/1/6,30,"['bold_fighter_personality', 'conqueror_personality']",Vord,Beasteater
6,I39,Blightseed,2/1/3,24,['cruel_personality'],Bosk,Blightseed
9,I40,Cursed Howl,3/1/5,42,"['bold_fighter_personality', 'tactical_genius_personality']",Gordak,CursedHowl
9,I41,Sapchopper,3/1/5,42,"['inspiring_leader_personality', 'cruel_personality']",Khagor,Sapchopper
10,I42,Blackmoon,5/2/3,34,"['mage_personality', 'cruel_personality']",Relgakk,Blackmoon
6,I43,Silentblade,2/1/3,17,['martial_educator_personality'],Troknar,Silentblade
13,I44,Silvertusk,5/4/4,34,"['midas_touched_personality', 'cruel_personality']",Kharag,Silvertusk
14,I90,Maghargma,5/3/6,34,"['strict_personality', 'inspiring_leader_personality', 'fertile_personality']",Ziltagh,Gravelhide
11,J32,Mire Maw,3/3/5,38,['expansionist_personality'],Shrakk,MireMaw
9,J35,Iltklerd,3/4/2,27,['craven_personality'],Oghan,Strongrock
9,J36,Kvakolba,3/4/2,47,"['calm_personality', 'midas_touched_personality']",Mughra,Stoneheart
9,J37,Olkhajukh,3/4/2,24,"['bold_fighter_personality', 'cruel_personality']",Vakrag,Steelgrinder
11,J39,Achtejardon,3/4/4,43,"['drunkard_personality', 'tactical_genius_personality']",Nargh,Chainlord
11,J40,Garsvulshim,5/4/2,26,"['scholar_personality', 'infertile_personality']",Rogha,Doomhunger
14,J41,Bronzegut,4/4/6,20,['strict_personality'],Sughra,Bronzegut
4,J42,Grey Fist,2/0/2,47,"['drunkard_personality', 'babbling_buffoon_personality', 'infertile_personality']",Tug,GreyFist
8,J43,Ironclaw,1/1/6,24,['conqueror_personality'],Jughra,Ironclaw
12,J44,Skull Gnasher,4/3/5,44,"['greedy_personality', 'martial_educator_personality']",Yaghrn,SkullGnasher
9,J45,Trunk Basher,3/2/4,22,['naive_personality'],Pog,TrunkBasher
15,J46,Frosthide,5/5/5,25,['mage_personality'],Karigan,Frosthide
0,L01,Kuiika,0/0/0,N/A,[],N/A,N/A
0,L03,Isagumze,0/0/0,N/A,[],N/A,N/A
0,L04,Saqraxat,0/0/0,N/A,[],N/A,N/A
0,L05,Iqhekabi,0/0/0,N/A,[],N/A,N/A
0,L06,Ruvuma,0/0/0,N/A,[],N/A,N/A
0,L07,Imbushid,0/0/0,N/A,[],N/A,N/A
0,L08,Kulugiash,0/0/0,N/A,[],N/A,N/A
0,L09,Zuvavim,0/0/0,N/A,[],N/A,N/A
0,L12,Gomuvuri,0/0/0,N/A,[],N/A,N/A
0,L13,Samishesha,0/0/0,N/A,[],N/A,N/A
5,L34,Tvarateram,2/1/2,63,"['infertile_personality', 'loose_lips_personality', 'calm_personality']",ManadafyI,Ashfarmer
10,L36,Lelanan,5/5/0,99,"['reformist_personality', 'pious_personality', 'incorruptible_personality']",Rangita,Tallfriend
10,L37,Mihitarab,3/6/1,57,"['careful_personality', 'charismatic_negotiator_personality', 'well_advised_personality']",Felana,Mouthersbane
9,L38,Rayafo,5/2/2,49,"['righteous_personality', 'free_thinker_personality']",Monja,Meblic
11,L39,Jakannakazy,3/5/3,32,"['pious_personality', 'silver_tongue_personality']",Zalifa,Bananabrewer
11,L40,Maranakavi,4/3/4,29,['incorruptible_personality'],Andrianary,Coastwalker
11,L41,Hasakely,4/5/2,58,"['silver_tongue_personality', 'charismatic_negotiator_personality', 'calm_personality']",Olokedry,Hasakely
11,L42,Tibokbo,4/2/5,27,['just_personality'],Lalao,Huntsmarshal
10,L43,Sisinybohi,4/4/2,56,"['scholar_personality', 'architectural_visionary_personality']",Rivomanantsoa,Trunkbellow
11,L44,Ananiltra,3/2/6,27,"['strict_personality', 'conqueror_personality']",FelanaII,Stromcrowned
12,L45,Oronsinoma,4/6/2,43,"['entrepreneur_personality', 'embezzler_personality']",Solo,Foamrider
8,L46,Amezajik,2/4/2,44,"['secretive_personality', 'midas_touched_personality', 'embezzler_personality']",Mandafy,Dreamweaver
9,L47,Mazanosy,2/5/2,36,"['navigator_personality', 'entrepreneur_personality']",Azaly,Spicetrader
9,L48,Ataturozi,3/1/5,30,"['zealot_personality', 'strict_personality', 'well_connected_personality']",Rakoto,Stoneheart
9,L52,Bamdikizy,4/2/3,69,"['calm_personality', 'reformist_personality', 'naive_personality']",Volana,Ranmaro
11,L53,Tiboktsamo,5/3/3,69,"['industrious_personality', 'strict_personality', 'obsessive_perfectionist_personality']",Andrianary,Longwatch
12,L63,Butuguzi,4/6/2,56,"['craven_personality', 'lawgiver_personality', 'scholar_personality']",AiYiIshimwe,N/A
6,L65,Melakmengi,0/0/6,1442,"['immortal_personality', 'just_personality', 'bold_fighter_personality']",TheAngelKamniel,N/A
11,L66,Simegasa,4/4/3,44,"['strict_personality', 'malevolent_personality']",DejenII,ijeHajo-Abera
4,L68,Karassk,1/2/1,16,"['craven_personality', 'embezzler_personality']",KroraszV,Godseeker
15,L69,Zerat,4/6/5,166,[],TeranakX'theOld',Scaleguard
7,L69,Zerat,2/4/1,116,[],VarthessashII,Scaleguard
13,L69,Zerat,5/5/3,48,"['malevolent_personality', 'craven_personality']",QakotII,Scaleguard
8,L70,Khugra,1/6/1,42,"['intricate_web_weaver_personality', 'cruel_personality']",ShaordashIV,Wavelistener
17,L71,Nazhni,6/5/6,18,['embezzler_personality'],ItrosI,Duskrunner
8,L72,Zatsuti,1/1/6,46,"['malevolent_personality', 'obsessive_perfectionist_personality']",NulriI,Starlance
12,L73,Karashan,4/4/4,45,"['drunkard_personality', 'lawgiver_personality']",RhizI,Gurpainter
9,L74,Zatal,3/3/3,21,['babbling_buffoon_personality'],DaukazoskI,Bloodscale
8,L76,Gasha,5/1/2,22,['calm_personality'],KarqutI,Calmfang
11,L77,Karach,3/2/6,32,['industrious_personality'],SiltaruI,Sungold
12,L79,Rshak,4/4/4,28,['scholar_personality'],IslesundI,Wiseblood
13,L80,Zulbur,4/5/4,17,['free_thinker_personality'],RelorkI,Stonecarver
9,L81,Yassa,2/2/5,54,"['scholar_personality', 'naive_personality', 'tactical_genius_personality']",IrdarI,Skyfoam
15,L82,Godu,3/6/6,20,['secretive_personality'],ArakI,Skybreaker
12,L83,Shangra,6/4/2,33,"['well_connected_personality', 'scholar_personality']",ImuxVI,Starseer
4,L84,Shalazar,1/1/2,47,"['secretive_personality', 'infertile_personality', 'obsessive_perfectionist_personality']",ItrosX,Moonwarden
14,L85,Ashakani,6/6/2,18,['free_thinker_personality'],AguntatI,Starcaller
11,L88,Abussa,4/4/3,20,['calm_personality'],TotrazI,Foreststrider
11,L89,Tsuz,3/3/5,18,['calm_personality'],TotrazI,Brightscale
9,L90,Ashkha,4/4/1,22,['zealot_personality'],EtocardI,Everwatcher
11,L91,Alashkatsa,6/1/4,38,[],EshirdI,Dawnblade
8,L92,Tsurin,3/1/4,19,[],KroraszI,Holyscale
8,L94,Shagadyrra,1/5/2,N/A,[],WaterCouncil,N/A
18,L95,Rayaz,6/6/6,41,"['strict_personality', 'inspiring_leader_personality']",SykarI,Riverclaw
8,L96,Asarta,1/3/4,35,"['inspiring_leader_personality', 'martial_educator_personality']",KatyradzI,Riverclaw
8,L97,Arazin,3/2/3,32,"['incorruptible_personality', 'naive_personality']",AyralgazI,Riverclaw
11,L98,Yushyn,3/2/6,28,"['zealot_personality', 'benevolent_personality']",KartuI,Hillstrider
13,L99,Katsanada,5/6/2,15,['midas_touched_personality'],KazrekIII,Greenstalker
10,R01,Avhavubhiya,3/5/2,27,[],Jadur,oftheSilverLash
8,R02,Sarkhashabid,1/3/4,45,[],Virajdendar,oftheGrandPaw
12,R03,Davharral,3/5/4,33,[],Shivar,ofthePouncingTower
12,R04,Iyarhashar,3/5/4,55,[],Naramar,oftheAzureHide
10,R05,Tughayasa,3/4/3,23,['mage_personality'],Devaraya,Kamadeva
14,R06,Babhagama,6/3/5,46,[],Mahipalar,oftheFlowerOath
9,R07,Rajnadhaga,1/5/3,34,['fierce_negotiator_personality'],IshnarVII,Jhuti
8,R08,Tiltaghar,1/1/6,29,[],Sahtiyar,oftheFallingClaw
15,R09,Parraj,5/4/6,24,[],Maurayadhwaj,oftheFlowerOath
12,R10,Sarnavan,3/4/5,58,[],Laxanyar,oftheLotusClaw
10,R12,Tilathi,4/2/4,75,[],Ajnor,oftheBoundlessSpirit
7,R15,Nundujisbid,1/4/2,41,[],SahujiBhar,N/A
10,R19,Sharaajaghal,3/5/2,52,[],Vijaysen,oftheDesertThunder
7,R20,Pordhatti,3/2/2,67,[],Anevyenghur,oftheWhitePaw
11,R21,Sarisung,3/3/5,31,[],HaripanttheSly,N/A
10,R22,Khirnadhiman,1/3/6,35,[],Hemantsenar,oftheEndlessMoon
3,R23,Keyattordha,1/1/1,N/A,['kind_hearted_personality'],RegencyforShushurioftheBloodyClaw,N/A
12,R24,Thadarsaghol,5/3/4,62,[],Vallasenar,oftheImperiousStripe
11,R25,Rayavhatimana,5/4/2,34,[],Ayusar,oftheHeavenlyLotus
13,R26,Khiraspid,3/6/4,35,"['mage_personality', 'secretive_personality']",Mahipalar,ofthePiercingEye
7,R33,Ghattub,2/4/1,40,[],Vasumtir,oftheWhiteStripe
7,R34,Kamapar,2/2/3,37,[],Gopalar,oftheFlowerOath
11,R36,Endhuvi,2/3/6,44,[],Vapyatar,oftheWhisperingFist
10,R37,Kethur,2/2/6,42,[],HarimartheStriped,N/A
10,R38,Bhuvauri,4/2/4,29,"['righteous_personality', 'lawgiver_personality']",Balinarayan,Tikatishu
7,R39,Amtarim,3/2/2,36,[],Chandrasen,oftheNobleStripes
9,R40,Ghundagar,5/2/2,37,[],Kirtir,oftheImperiousStripe
4,R41,Amtujsaat,2/1/1,67,[],Jayapalar,oftheGoldenPaw
9,R42,Tudhina,3/2/4,40,[],Jyotirishwar,oftheDiligentCoil
10,R43,Tujgal,1/4/5,34,[],Vasudev,oftheFeigningClaw
10,R44,Shenral,3/3/4,23,[],Ghoshar,oftheVengefulGaze
12,R45,Umdaj,4/3/5,39,[],Prannath,oftheShiningTooth
11,R46,Setarudhar,4/5/2,34,[],Raghudevar,oftheThousandStrikes
8,R47,Setarbul,2/2/4,31,[],Virajdendranarayan,oftheThousandStrikes
8,R48,Setapsim,2/2/4,45,[],Dhasvas,oftheThousandStrikes
11,R49,Parusad Bhola,2/4/5,33,['intricate_web_weaver_personality'],Amina,oftheRubyGarden
9,R50,Rabaghekhur,3/2/4,43,[],Birnayar,oftheCrouchingShadow
4,R51,Dhenijanraj,1/2/1,84,"['kind_hearted_personality', 'craven_personality', 'naive_personality']",Indranayar,oftheLotusClaw
13,R52,Rabhidaraj,6/3/4,35,[],Manava,oftheBloodyClaw
9,R53,Dhenijansar,3/1/5,54,[],Ganyakanar,oftheLotusClaw
10,R54,Parusahan Saya,2/5/3,25,[],Mahindranar,oftheScarredHide
11,R55,Dhurajaghan,5/2/4,52,[],Pusyamitar,oftheEnlightenedStar
9,R56,Saddathar,1/2/6,15,[],Vijaysenar,oftheSavageJolt
10,R57,Parus Panasur,1/4/5,43,[],Vasudevar,oftheGoldenPaw
11,R58,Sardiphadin,5/3/3,51,[],Balabhatar,oftheForkedWaters
11,R59,Khappur,2/6/3,44,[],BaoLi,N/A
10,R60,Sarkhani,5/3/2,34,[],LornRamathipatei,N/A
12,R61,Pasiragha,5/4/3,56,[],Arimar,oftheEnlightenedStar
16,R62,The Command,5/5/6,48,"['conqueror_personality', 'tactical_genius_personality', 'inspiring_leader_personality']",Moguwon,Wolfborn
11,R63,Thunderfist Clan,3/4/4,34,[],Ordash,Thunderfist
10,R64,Bloodsong Clan,3/3/4,34,[],Brovag,Bloodsong
10,R65,Blackstep Clan,4/4/2,34,[],Khitro,Blackstep
9,R66,Stolen Gem Clan,4/2/3,34,[],Naum,StolenGem
8,S11,Natani,1/3/4,34,"['bold_fighter_personality', 'loose_lips_personality']",SykarI,Clearnight
8,S12,Ksataza,1/3/4,58,"['bold_fighter_personality', 'careful_personality', 'incorruptible_personality']",AnzadzaI,Starwalker
9,S13,Golkhi,5/2/2,19,['well_connected_personality'],SiltaruI,Riverspear
8,S14,Ishalani,5/2/1,20,['babbling_buffoon_personality'],AyralgazI,Stargazer
10,S15,Karshyr,1/4/5,28,"['fierce_negotiator_personality', 'mage_personality']",DzankotIII,Seabreaker
11,S24,S24,4/5/2,28,['silver_tongue_personality'],IfaIII,ijeTamru-Baati
7,S25,S25,2/4/1,53,"['well_advised_personality', 'drunkard_personality', 'craven_personality']",OweV,ijeKajen-Aban
9,S27,Mwasagore,3/3/3,30,"['careful_personality', 'entrepreneur_personality', 'infertile_personality']",Mwasagore,Gulimbazimneba
11,S28,Kwizera,4/1/6,31,"['mage_personality', 'mongoose_shifter_personality', 'malevolent_personality']",Kwizera'Gatebreaker',Snakekiller
11,S29,Akaliza,3/5/3,34,"['charismatic_negotiator_personality', 'inspiring_leader_personality', 'righteous_personality']",Akaliza,Frogfriend
0,S30,Death_Bringing_Cobra,0/0/0,N/A,[],N/A,N/A
8,S31,Umutukomye,0/4/4,28,"['silver_tongue_personality', 'bold_fighter_personality', 'greedy_personality']",Umutukomye,Snakekiller
7,S32,Gahigi,2/2/3,26,"['leopard_shifter_personality', 'secretive_personality', 'martial_educator_personality']",Gahigi,Mushubi
7,S33,T_Red_Fanged_Gorilla,2/2/3,26,['greedy_personality'],Shongwe,Mushubi
7,S34,T_Cunning_River_Eel,2/2/3,26,['greedy_personality'],Shongwe,Mushubi
7,S35,T_Well_Fed_Elephant,2/2/3,26,['greedy_personality'],Shongwe,Mushubi
7,S36,T_Stealthy_Duiker,2/2/3,26,['greedy_personality'],Shongwe,Mushubi
7,S37,T_Swift_Legged_Bongo,2/2/3,26,['greedy_personality'],Shongwe,Mushubi
7,S38,T_Work_Doing_Hippo,2/2/3,26,['greedy_personality'],Shongwe,Mushubi
7,S39,T_Hut_Building_Weaver_Bird,2/2/3,26,['greedy_personality'],Shongwe,Mushubi
7,S40,T_Forest_Hiding_Okapi,2/2/3,26,['greedy_personality'],Shongwe,Mushubi
7,S41,T_Prey_Finding_Leopard,2/2/3,26,['greedy_personality'],Shongwe,Mushubi
7,S42,T_Friend_Helping_Parrot,2/2/3,26,['greedy_personality'],Shongwe,Mushubi
7,S43,T_Violent_Hearted_Goose,2/2/3,26,['greedy_personality'],Shongwe,Mushubi
11,S44,S44,2/5/4,25,['silver_tongue_personality'],AbanIV,ijeMelas-Akau
9,S46,Dugiti,5/2/2,37,"['entrepreneur_personality', 'loose_lips_personality']",TamratI,ijeYemane-Calib
11,S53,S53,2/3/6,22,['leopard_shifter_personality'],MerimaII,Inyaswarosa
9,S54,S54,3/2/4,32,"['drunkard_personality', 'midas_touched_personality']",BupafayeI,ijeJadiku-Yemane
9,S56,S56,3/1/5,42,"['strict_personality', 'bold_fighter_personality']",Tariku,ijeSabiku-Tafari
6,S57,S57,2/2/2,N/A,[],RegencyforAyufariijeMelaku-Goshan,N/A
8,S66,S66,3/4/1,46,"['free_thinker_personality', 'infertile_personality']",RadinIII,ijeBona-Satifari
9,S67,S67,2/1/6,55,"['martial_educator_personality', 'strict_personality', 'naive_personality']",JishanIII,ijeKiros-Jenas
12,S70,Yezel Mora Horde,4/2/6,21,"['conqueror_personality', 'bold_fighter_personality']",Adurmag,'TheNailedOne'
9,U01,Kheterata,3/3/3,23,[],SemutIII,Crodamos
9,U02,Nirat,3/3/3,31,['pious_personality'],NahabtheDefiant,N/A
11,U05,Elizna,5/4/2,75,"['immortal_personality', 'naive_personality', 'tolerant_personality']",OlorisI,Vulzinzuir
9,U07,Viakkoc,2/1/6,20,[],ViakkocXI,Scourge-of-All-Seas
7,U08,Ekha,2/2/3,39,[],ModumanII,Akanras
5,U09,Gnollakaz,0/2/3,20,[],Grizaka,Emperor-of-Gnollkind
0,U10,Brrtekuh,0/0/0,32,[],Brrtekuh,Splitter-of-Sands
9,U11,Landshark Clan,3/3/3,24,['bold_fighter_personality'],Jenthib,Landshark
8,U12,Oubbligschild Clan,2/2/4,19,['babbling_buffoon_personality'],Nerlisk,pobnek-Oubblig
10,U13,Greysheep Clan,4/4/2,26,['lawgiver_personality'],Guklo,Greysheep
12,U14,Mountainhugger Clan,4/4/4,28,['strict_personality'],Dheep,Mountainhugger
12,U15,Marble Head Clan,3/3/6,21,['conqueror_personality'],Idrarseff,pobnek-Vakkra
6,U16,Ourdia,2/3/1,43,['drunkard_personality#Helostlike3/4thsofhiskingdom'],Denar,sílOurd
14,U17,Crathanor,6/5/3,49,"['righteous_personality', 'silver_tongue_personality']",Olor,sílReiancestir
10,U18,Reuyel,2/3/5,37,[],MarodeenofZorntanas,N/A
6,U19,Baharkand,3/2/1,78,[],IrranIII,szel-Baharkand
9,U20,Azka-Sur,3/4/2,43,['naive_personality'],Mardint,szel-Sur
13,U23,Selocshana,6/5/2,53,"['fierce_negotiator_personality', 'entrepreneur_personality', 'embezzler_personality']",YurionIV,yenNizel
10,U24,Arvezl,3/5/2,19,['silver_tongue_personality'],FilimirII,Ralsork
9,U25,Adbraseloc,3/3/3,35,"['calm_personality', 'secretive_personality']",PelomirII,yenKovesdir
17,U26,Lisicalrevo,5/6/6,51,"['well_connected_personality', 'intricate_web_weaver_personality', 'obsessive_perfectionist_personality', 'kind_hearted_personality']",TarkirnIII,yenLisia
11,Y01,Azjakuma,5/3/3,72,"['careful_personality', 'calm_personality']",Tiraga,Aromo
12,Y02,Jinqiu,6/2/4,235,"['charismatic_negotiator_personality', 'midas_touched_personality', 'immortal_personality']",Zhishi,oftheZhuyingCourt
9,Y03,Hubao,3/4/2,37,['silver_tongue_personality'],Baka,oftheWitheringWind
10,Y04,Anjiang,3/5/2,23,[],Zhang,Zudao
12,Y05,Lanjinhui,5/3/4,42,"['tactical_genius_personality', 'righteous_personality']",Ziyou,Lingxiu
13,Y06,Yangcheng,4/5/4,32,[],Cijiong,Qiu
9,Y07,Guhe,3/2/4,28,[],Haohzhou,Xie
10,Y08,Yanzhong,3/5/2,23,[],Shouzong,Ouyang
13,Y09,Bianfang,4/3/6,41,"['conqueror_personality', 'lawgiver_personality']",Xinzhu,Long
4,Y10,Yingzhen,1/2/1,25,[],Lin,Gaobo
8,Y12,Fengzhaobu,2/1/5,35,['martial_educator_personality'],Sun,ofthePathoftheCrouchingTiger
9,Y13,Jiangdu,2/1/6,22,['strict_personality'],Qing,Jun
9,Y14,Zhiqian,3/2/4,46,['bold_fighter_personality'],Kai,Pan
11,Y15,Beikdugang,5/3/3,27,['scholar_personality'],Wangji,Qilin
11,Y16,Jiantsiang,3/2/6,37,['martial_educator_personality'],Katouka,oftheUndyingFlame
8,Y17,Gushuokguan,4/2/2,35,['fierce_negotiator_personality'],Yijun,Wei
10,Y18,Sziangnu,4/4/2,66,"['scholar_personality', 'architectural_visionary_personality']",Liang,Xianhe
10,Y19,Tianlou,6/3/1,62,['pious_personality'],Sheng,Ren
9,Y20,Feiten,3/4/2,42,['entrepreneur_personality'],Zongmin,Kai
12,Y21,Xiyun,4/4/4,28,"['well_connected_personality', 'strict_personality']",Feng,Xi
11,Y23,Zyujyut,2/4/5,20,"['bold_fighter_personality', 'inspiring_leader_personality']",JuenTai,Jyuk
10,Y24,Luoyip,3/5/2,34,"['intricate_web_weaver_personality', 'careful_personality']",Ciyu,Su
12,Y25,Zongji,4/3/5,55,[],Juonxi,oftheDivineCall
9,Y26,Yinquan,3/6/0,23,"['charismatic_negotiator_personality', 'mage_personality']",Holi,Leng
7,Y27,Kohai,2/3/2,24,['architectural_visionary_personality'],Ding,Gao
8,Y28,Jiangliusi,2/4/2,48,['calm_personality'],Gao,oftheSchoolofFlowingWater
10,Y29,Jilin,3/6/1,30,"['intricate_web_weaver_personality', 'well_connected_personality']",Zhulatix,oftheWayofthePiercingSpear
9,Y30,Aoshan,3/5/1,56,['pious_personality'],Quon,oftheSchoolofOpenSky
10,Y33,Vidvakhoka,6/2/2,30,['calm_personality'],Avasara,oftheSchoolofDeepFog
9,Y38,Bommak,5/2/2,34,[],Wang,oftheSchooloftheHighTower
11,Y39,Fengwuzhe,3/4/4,24,"['silver_tongue_personality', 'bold_fighter_personality']",Xiwangmu,oftheWayoftheDancingBreeze
9,Y44,Shanyutian,2/4/3,46,['strict_personality'],Jin,oftheWayoftheSlipperyEel
11,Y46,Jianxusi,3/3/5,35,['strict_personality'],Yong,oftheOrderofKeepers
12,Y51,Bim Lau,5/3/4,43,[],Sahtiyar,oftheGleamingTomb
9,Y52,Semphrerong,2/5/2,49,[],PonheaTo,Ou
8,Y53,Prukakhin,2/2/4,46,"['expansionist_personality', 'drunkard_personality', 'greedy_personality']",Sukonthor,Pasak
9,Y54,Risbek,3/3/3,25,['tactical_genius_personality'],Padumaraja,Inbek
9,Y55,Khabtei Teleni,5/2/2,44,"['tolerant_personality', 'free_thinker_personality']",Indravar,N/A
7,Y56,Pheuon Duan,2/2/3,24,['kind_hearted_personality'],Thihathu,PheuonDuan
10,Y57,Phaethmen Di,4/3/3,36,['industrious_personality'],KeoHua,Khoun
8,Y58,Lot Dekkhang,3/4/1,33,['lawgiver_personality'],Metnikhren,ofAktamakhang
13,Y59,Thirabnir,5/4/4,79,"['scholar_personality', 'tactical_genius_personality', 'fierce_negotiator_personality']",Narai,Chaiya
7,Y60,Lo Ngoen,2/1/4,20,['conqueror_personality'],Rama,Buakae
9,Y61,Rongbek,3/4/2,24,['midas_touched_personality'],Chan,Ongek
12,Y62,Khao Elnak,3/6/3,22,['charismatic_negotiator_personality'],Mya,Saetae
13,Y63,Verkal Ozovar,5/4/4,143,"['immortal_personality', 'benevolent_personality', 'lawgiver_personality']",Kalgir,Krakovar
13,Y64,Pinghoi,4/5/4,42,"['navigator_personality', 'fierce_negotiator_personality', 'intricate_web_weaver_personality']",Ping,Shuang
12,Y65,Arawkelin,4/5/3,31,['industrious_personality'],Jay,szílArawkelin
14,Y66,Hon Sai,6/3/5,81,"['immortal_personality', 'righteous_personality', 'conqueror_personality']",Sang,Caoban
11,Y67,Ma Hoang,3/5/3,24,"['tolerant_personality', 'silver_tongue_personality']",Dinh,Caoban
9,Y68,Nagon,4/2/3,44,"['careful_personality', 'just_personality', 'strict_personality', 'zealot_personality']",KhaCham,Lekhot
10,Y71,Kudet Kai,5/2/3,51,"['calm_personality', 'lawgiver_personality']",Pulatan,oftheGreatFang
12,Y72,Chien Binhrung,4/3/5,17,['strict_personality'],Nhitrac,Trung
11,Y73,Sirtan,3/3/5,44,"['tactical_genius_personality', 'strict_personality']",BulitEsak,Pasiri
10,Y74,Pelimkana,2/5/3,26,['intricate_web_weaver_personality'],LangbaWani,Pelimkana
12,Y75,Tlagapatung,4/5/3,32,"['mage_personality', 'calm_personality', 'zealot_personality']",CaksakSajan,Tlagapatung
11,Y76,Hebat Hari,3/3/5,35,['zealot_personality'],Hijenpu,JayaRaya
15,Y77,Kaplakawan,5/4/6,27,['bold_fighter_personality'],KerajKuya,Kapaklawan
10,Y78,Bukit Bantay,2/2/6,62,"['lawgiver_personality', 'infertile_personality', 'incorruptible_personality']",BawaIli,BukitBantay
4,Y79,Lelak,1/1/2,16,['babbling_buffoon_personality'],LawaKala,Lelak
8,Y80,Menek Poko,2/3/3,25,['obsessive_perfectionist_personality'],HutasLinga,MenekPoko
9,Y81,Kuplukamba,4/3/2,19,['industrious_personality'],Kuwaru,Kuplukamba
9,Y82,Labanyak,3/2/4,16,['martial_educator_personality'],GehetSawul,Labanyak
14,Y83,Kuta,4/6/4,20,['entrepreneur_personality'],RewiSumet,Mesantay
8,Y85,Balrijin,2/3/3,54,[],Pax,ofTheKindledScale
9,Y86,Azkare,3/3/3,75,"['immortal_personality', 'just_personality']",Hiderion#toyotomihideyoshiinitialinspiration,Tonanzuir
9,Y87,Tidtam,3/3/3,44,['fertile_personality'],NgaNu,Tidtam
9,Y88,Hinphat,3/4/2,20,['scholar_personality'],Narapati,Hinphat
9,Y89,Yuanszi,3/0/6,33,['zealot_personality'],Zhong,Lao
9,Y90,Tuiista Jaal,3/2/4,38,[],Khald,Hookhoi
15,Y91,Nuugdan Tsarai,4/5/6,31,"['tactical_genius_personality', 'conqueror_personality']",Nurgai,Bagaatun
12,Y92,Rung Oedek,4/3/5,44,[],Dakash,Ulqujangho
16,Y93,Daengun,6/5/5,79,"['zealot_personality', 'righteous_personality', 'scholar_personality']",Jeong-Hun,Gyo
12,Z02,Magdalaire,4/4/4,25,"['kind_hearted_personality', 'craven_personality']",Castína,ofAelthíl
8,Z03,Bellacaire,2/6/0,44,"['entrepreneur_personality', 'architectural_visionary_personality']",Aldresia,sílnaDeirStíal
10,Z04,Indlebury,5/2/3,64,"['strict_personality', 'lawgiver_personality']",Dominic,ofIndlebury
2,Z06,Brinkmarches,0/1/1,65,[],WalterV,Brinkwick
10,Z08,Bjarnrik,2/4/4,39,"['bold_fighter_personality', 'lawgiver_personality', 'malevolent_personality']",SvenII,Bjarnsson
8,Z09,Skaldskola,3/2/3,60,[],LeifofNautakr,N/A
8,Z10,Revrhavn,2/2/4,42,[],JansentheTall,N/A
8,Z11,Sidaett,4/2/2,55,"['industrious_personality', 'obsessive_perfectionist_personality', 'kind_hearted_personality']",IverIII,Sidaett
11,Z12,Naugsvol,2/5/4,19,[],SigridofOlavslund,ofOlavslund
7,Z13,Redgarhavn,4/2/1,43,[],SteinarofRedgarhavn,N/A
8,Z14,Avnkaup,4/1/3,33,['inspiring_leader_personality'],Gunter,Fjordsson
8,Z15,Urviksten,2/0/6,52,"['strict_personality', 'cruel_personality']",KarlII,Ebonfrost
10,Z17,Obrtrol,3/1/6,37,['tactical_genius_personality'],Svala'theCrusher',Hardrock
17,Z18,Frozenmaw,6/5/6,45,"['strict_personality', 'conqueror_personality', 'expansionist_personality']",Brasûr,Frozenmaw
8,Z19,Broken Jaw,5/2/1,17,[],Jayuk,BrokenJaw
8,Z20,Hideguzzler,3/1/4,40,"['cruel_personality', 'midas_touched_personality']",Dobro,Hideguzzler
7,Z21,Serpentgard,1/2/4,14,[],UlrikII,Serpentsgard
6,Z22,Celmaldor,2/4/0,342,"['immortal_personality', 'tolerant_personality', 'craven_personality']",TaelarIcewind,N/A
5,Z23,Esald,0/0/5,42,[],PatrikII,ofEsald
6,Z24,Envermarck,2/2/2,N/A,[],CityCouncil,N/A
6,Z25,Dinesck,2/2/2,N/A,[],CityCouncil,N/A
13,Z26,Adshaw,4/6/3,43,"['charismatic_negotiator_personality', 'intricate_web_weaver_personality']",RycanIV,Adshaw
6,Z27,Cedevik,2/2/2,N/A,[],CityCouncil,N/A
6,Z28,Bayvic,2/2/2,N/A,[],CityCouncil,N/A
6,Z29,Coldmarket,2/2/2,N/A,[],CityCouncil,N/A
6,Z30,Everwharf,2/2/2,N/A,[],CityCouncil,N/A
6,Z31,Reachspier,2/2/2,N/A,[],CityCouncil,N/A
5,Z32,Alencay,0/3/2,17,['well_advised_personality'],LanI,Alencay
3,Z33,Frostwall,0/0/3,17,"['loose_lips_personality', 'infertile_personality']",CoregII,Frostwall
8,Z48,Rivsby,3/1/4,39,[],AlenIII,Alcarsson
5,Z49,Eskerborg,0/2/3,39,[],CarlanII,Alcarsson
11,Z55,Darkscale,4/3/4,21,['reformist_personality'],Zorën,Darkscale
8,Z68,Toarnaire,2/2/4,44,[],LuciantheFat,N/A
